BEGIN;
BEGIN
SET client_min_messages TO NOTICE;
SET
/* -- q0 */
ALTER TABLE vroom.jobs ALTER COLUMN service TYPE INTERVAL USING make_interval(secs => service);
ALTER TABLE
ALTER TABLE vroom.shipments ALTER COLUMN p_service TYPE INTERVAL USING make_interval(secs => p_service);
ALTER TABLE
ALTER TABLE vroom.shipments ALTER COLUMN d_service TYPE INTERVAL USING make_interval(secs => d_service);
ALTER TABLE
ALTER TABLE vroom.vehicles ALTER COLUMN tw_open TYPE TIMESTAMP USING (to_timestamp(tw_open + 1630573200) at time zone 'UTC')::TIMESTAMP;
ALTER TABLE
ALTER TABLE vroom.vehicles ALTER COLUMN tw_close TYPE TIMESTAMP USING (to_timestamp(tw_close + 1630573200) at time zone 'UTC')::TIMESTAMP;
ALTER TABLE
ALTER TABLE vroom.breaks ALTER COLUMN service TYPE INTERVAL USING make_interval(secs => service);
ALTER TABLE
ALTER TABLE vroom.jobs_time_windows ALTER COLUMN tw_open TYPE TIMESTAMP USING (to_timestamp(tw_open + 1630573200) at time zone 'UTC')::TIMESTAMP;
ALTER TABLE
ALTER TABLE vroom.jobs_time_windows ALTER COLUMN tw_close TYPE TIMESTAMP USING (to_timestamp(tw_close + 1630573200) at time zone 'UTC')::TIMESTAMP;
ALTER TABLE
ALTER TABLE vroom.shipments_time_windows ALTER COLUMN tw_open TYPE TIMESTAMP USING (to_timestamp(tw_open + 1630573200) at time zone 'UTC')::TIMESTAMP;
ALTER TABLE
ALTER TABLE vroom.shipments_time_windows ALTER COLUMN tw_close TYPE TIMESTAMP USING (to_timestamp(tw_close + 1630573200) at time zone 'UTC')::TIMESTAMP;
ALTER TABLE
ALTER TABLE vroom.breaks_time_windows ALTER COLUMN tw_open TYPE TIMESTAMP USING (to_timestamp(tw_open + 1630573200) at time zone 'UTC')::TIMESTAMP;
ALTER TABLE
ALTER TABLE vroom.breaks_time_windows ALTER COLUMN tw_close TYPE TIMESTAMP USING (to_timestamp(tw_close + 1630573200) at time zone 'UTC')::TIMESTAMP;
ALTER TABLE
ALTER TABLE vroom.matrix ALTER COLUMN duration TYPE INTERVAL USING make_interval(secs => duration);
ALTER TABLE
/* -- q1 */
SELECT *
FROM vrp_vroomShipments(
  'SELECT * FROM vroom.shipments',
  'SELECT * FROM vroom.shipments_time_windows',
  'SELECT * FROM vroom.vehicles',
  'SELECT * FROM vroom.breaks',
  'SELECT * FROM vroom.breaks_time_windows',
  'SELECT * FROM vroom.matrix'
);
 seq | vehicle_seq | vehicle_id | vehicle_data | step_seq | step_type | task_id | location_id | task_data |       arrival       | travel_time | setup_time | service_time | waiting_time |      departure      | load
-----+-------------+------------+--------------+----------+-----------+---------+-------------+-----------+---------------------+-------------+------------+--------------+--------------+---------------------+------
   1 |           1 |          1 | {}           |        1 |         1 |      -1 |           1 | {}        | 2021-09-02 09:05:00 | 00:00:00    | 00:00:00   | 00:00:00     | 00:00:00     | 2021-09-02 09:05:00 | {0}
   2 |           1 |          1 | {}           |        2 |         5 |       1 |           1 | {}        | 2021-09-02 09:05:00 | 00:00:00    | 00:00:00   | 00:00:00     | 00:00:00     | 2021-09-02 09:05:00 | {0}
   3 |           1 |          1 | {}           |        3 |         3 |       4 |           1 | {}        | 2021-09-02 09:05:00 | 00:00:00    | 00:00:00   | 00:37:30     | 01:41:15     | 2021-09-02 11:23:45 | {20}
   4 |           1 |          1 | {}           |        4 |         4 |       4 |           4 | {}        | 2021-09-02 11:25:00 | 00:01:15    | 00:00:00   | 00:37:30     | 00:03:45     | 2021-09-02 12:06:15 | {0}
   5 |           1 |          1 | {}           |        5 |         3 |       5 |           2 | {}        | 2021-09-02 12:07:45 | 00:01:30    | 00:00:00   | 00:37:30     | 00:34:45     | 2021-09-02 13:20:00 | {10}
   6 |           1 |          1 | {}           |        6 |         3 |       3 |           1 | {}        | 2021-09-02 13:20:50 | 00:00:50    | 00:00:00   | 00:37:30     | 00:00:00     | 2021-09-02 13:58:20 | {30}
   7 |           1 |          1 | {}           |        7 |         4 |       5 |           2 | {}        | 2021-09-02 13:59:10 | 00:00:50    | 00:00:00   | 00:37:30     | 00:03:45     | 2021-09-02 14:40:25 | {20}
   8 |           1 |          1 | {}           |        8 |         4 |       3 |           2 | {}        | 2021-09-02 14:40:25 | 00:00:00    | 00:00:00   | 00:37:30     | 00:03:20     | 2021-09-02 15:21:15 | {0}
   9 |           1 |          1 | {}           |        9 |         6 |      -1 |           1 | {}        | 2021-09-02 15:22:05 | 00:00:50    | 00:00:00   | 00:00:00     | 00:00:00     | 2021-09-02 15:22:05 | {0}
  10 |           1 |          1 | {}           |        0 |         0 |       0 |           0 | {}        | 1970-01-01 00:00:00 | 00:05:15    | 00:00:00   | 03:45:00     | 02:26:50     | 1970-01-01 00:00:00 | {}
  11 |           2 |          4 | {}           |        1 |         1 |      -1 |           3 | {}        | 2021-09-02 09:04:10 | 00:00:00    | 00:00:00   | 00:00:00     | 00:00:00     | 2021-09-02 09:04:10 | {0}
  12 |           2 |          4 | {}           |        2 |         5 |       4 |           1 | {}        | 2021-09-02 09:04:10 | 00:00:00    | 00:00:00   | 00:00:00     | 00:00:00     | 2021-09-02 09:04:10 | {0}
  13 |           2 |          4 | {}           |        3 |         3 |       2 |           5 | {}        | 2021-09-02 09:04:35 | 00:00:25    | 00:00:00   | 00:37:30     | 00:01:40     | 2021-09-02 09:43:45 | {10}
  14 |           2 |          4 | {}           |        4 |         3 |       1 |           3 | {}        | 2021-09-02 09:44:10 | 00:00:25    | 00:00:00   | 00:37:30     | 00:00:00     | 2021-09-02 10:21:40 | {20}
  15 |           2 |          4 | {}           |        5 |         4 |       2 |           6 | {}        | 2021-09-02 10:23:10 | 00:01:30    | 00:00:00   | 00:37:30     | 00:00:00     | 2021-09-02 11:00:40 | {10}
  16 |           2 |          4 | {}           |        6 |         4 |       1 |           5 | {}        | 2021-09-02 11:02:31 | 00:01:51    | 00:00:00   | 00:37:30     | 04:52:54     | 2021-09-02 16:32:55 | {0}
  17 |           2 |          4 | {}           |        7 |         6 |      -1 |           3 | {}        | 2021-09-02 16:33:20 | 00:00:25    | 00:00:00   | 00:00:00     | 00:00:00     | 2021-09-02 16:33:20 | {0}
  18 |           2 |          4 | {}           |        0 |         0 |       0 |           0 | {}        | 1970-01-01 00:00:00 | 00:04:36    | 00:00:00   | 02:30:00     | 04:54:34     | 1970-01-01 00:00:00 | {}
  19 |           0 |          0 | {}           |        0 |         0 |       0 |           0 | {}        | 1970-01-01 00:00:00 | 00:09:51    | 00:00:00   | 06:15:00     | 07:21:24     | 1970-01-01 00:00:00 | {}
(19 rows)

/* -- q2 */
SELECT *
FROM vrp_vroomShipments(
  $shipments$
    SELECT * FROM (
      VALUES (100, 1, 4)
    ) AS C(id, p_location_id, d_location_id)
  $shipments$,
  NULL,
  $vehicles$
    SELECT * FROM (
      VALUES (1, 1, 4)
    ) AS C(id, start_id, end_id)
  $vehicles$,
  NULL,
  NULL,
  $matrix$
    SELECT start_id, end_id, make_interval(secs => duration) AS duration FROM (
      VALUES (1, 2, 2104), (1, 3, 197), (1, 4, 1299),
             (2, 1, 2103), (2, 3, 2255), (2, 4, 3152),
             (3, 1, 197), (3, 2, 2256), (3, 4, 1102),
             (4, 1, 1299), (4, 2, 3153), (4, 3, 1102)
    ) AS C(start_id, end_id, duration)
  $matrix$
);
 seq | vehicle_seq | vehicle_id | vehicle_data | step_seq | step_type | task_id | location_id | task_data |       arrival       | travel_time | setup_time | service_time | waiting_time |      departure      | load
-----+-------------+------------+--------------+----------+-----------+---------+-------------+-----------+---------------------+-------------+------------+--------------+--------------+---------------------+------
   1 |           1 |          1 | {}           |        1 |         1 |      -1 |           1 | {}        | 1970-01-01 00:00:00 | 00:00:00    | 00:00:00   | 00:00:00     | 00:00:00     | 1970-01-01 00:00:00 | {}
   2 |           1 |          1 | {}           |        2 |         3 |     100 |           1 | {}        | 1970-01-01 00:00:00 | 00:00:00    | 00:00:00   | 00:00:00     | 00:00:00     | 1970-01-01 00:00:00 | {}
   3 |           1 |          1 | {}           |        3 |         4 |     100 |           4 | {}        | 1970-01-01 00:21:39 | 00:21:39    | 00:00:00   | 00:00:00     | 00:00:00     | 1970-01-01 00:21:39 | {}
   4 |           1 |          1 | {}           |        4 |         6 |      -1 |           4 | {}        | 1970-01-01 00:21:39 | 00:00:00    | 00:00:00   | 00:00:00     | 00:00:00     | 1970-01-01 00:21:39 | {}
   5 |           1 |          1 | {}           |        0 |         0 |       0 |           0 | {}        | 1970-01-01 00:00:00 | 00:21:39    | 00:00:00   | 00:00:00     | 00:00:00     | 1970-01-01 00:00:00 | {}
   6 |           0 |          0 | {}           |        0 |         0 |       0 |           0 | {}        | 1970-01-01 00:00:00 | 00:21:39    | 00:00:00   | 00:00:00     | 00:00:00     | 1970-01-01 00:00:00 | {}
(6 rows)

/* -- q3 */
ROLLBACK;
ROLLBACK
